Workbook

Sheet Tờ khai
A1: TỜ KHAI THUẾ GIÁ TRỊ GIA TĂNG (MẪU 01/GTKT )
A2: Dành cho người nộp thuế tờ khai GTGT theo phương pháp khấu trừ )
A3: Kỳ tính thuế : Quý 02 Năm 2026
A4: Lần Đầu ( X )
A5: Mã số thuế :4401053694
A6: Tên người nộp thuế : CÔNG TY CỔ PHẦN ĐẦU TƯ VÀ PHÁT TRIỂN CÔNG NGHỆ INUT
A7: Địa chỉ :161 Trường Chinh, Phường Tuy Hòa, Tỉnh Đắk Lắk, Việt Nam
A9: STT | B9: CHỈ TIÊU | C9: Giá trị HHDV (chưa có thuế GTGT) | E9: Thuế GTGT
A10: A | B10: Không phát sinh hoạt động mua, bán trong kỳ ( đánh dấu "X") [21] | C10: []
A11: B | B11: Thuế GTGT còn được khấu trừ kỳ trước chuyển sang | E11: [22] | F11: 4275034
A12: C | B12: Kê khai thuế GTGT phải nộp ngân sách nhà nước
A13: I | B13: Hàng hóa, dịch vụ (HHDV) mua vào trong kỳ
A14: 1 | B14: Giá trị GTGT của hàng hóa, dịch vụ mua vào | C14: [23] | D14: ='Bảng kê mua vào'!E59 -> 145215937 | E14: [24] | F14: ='Bảng kê mua vào'!G59 -> 12059274
A15: 2 | B15: Tổng số thuế GTGT được khấu trừ kỳ này | E15: [25] | F15: =F14 -> 12059274
A16: II | B16: Hàng hóa, dịch vụ bán ra trong kỳ
A17: 1 | B17: Hàng hóa, dịch vụ bán ra không chịu thuế GTGT | C17: [26]
A18: 2 | B18: Hàng hóa, dịch vụ bán ra chịu thuế GTGT ([27]=[29]+[30]+[32]+[32a]; [28]=[26]+[27];[35]=[28] | C18: [27] | D18: =D21 -> 1.9414402e+08 | E18: [28] | F18: =F21 -> 11890521
A19: a | B19: Hàng hóa, dịch vụ bán ra chịu thuế suất 0% | C19: [29]
A20: b | B20: Hàng hóa, dịch vụ bán ra chịu thuế suất 5% | C20: [30] | D20: ='Bảng kê bán ra'!E17 -> 0 | E20: [31] | F20: ='Bảng kê bán ra'!G17 -> 0
A21: c | B21: Hàng hóa, dịch vụ bán ra chịu thuế suất 10% | C21: [32] | D21: ='Bảng kê bán ra'!E32 -> 1.9414402e+08 | E21: [33] | F21: ='Bảng kê bán ra'!G32 -> 11890521
A22: d | B22: Hàng hóa, dịch vụ bán ra không thuế | C22: [32a]
A23: 3 | B23: Tổng doanh thu và thuế GTGT của HHDV bán ra ([34]=[26]+[27];[35]=[28]) | C23: [34] | D23: =D21 -> 1.9414402e+08 | E23: [35] | F23: =F21 -> 11890521
A24: III | B24: Thuế GTGT Phát sinh trong kỳ ([36]=[35]-[25]) | E24: [36] | F24: =F23-F15 -> -168752.64
A25: IV | B25: Điều chỉnh tăng , Giảm thuế GTGT còn được khấu trừ kỳ trước
A26: 1 | B26: Điều chỉnh giảm | E26: [37]
A27: 2 | B27: Điều chỉnh tăng | E27: [38]
A28: V | B28: Thuế GTGT đã nộp ở địa phương khác của hoạt động kinh doanh xây dựng, bắt động sản ngoại tỉnh | E28: [39]
A29: VI | B29: Xác định nghĩa vụ thuế GTGT phải nộp trong kỳ
A30: 1 | B30: Thuế GTGT phải nộp của hoạt động sản xuất kinh doanh trong kỳ ([40a]=[36]-[22]+[37]-[38]+[39]>=0) | E30: [40a] | F30: =F24-F11 -> -4443786.6
A31: 2 | B31: Thuế GTGT mua vào của dự án đầu tư được bù trừ với thuế GTGT còn phải nộp của hoạt động sản xuất kinh doanh cùng kỳ tính thuế | E31: [40b]
A32: 3 | B32: Thuế GTGT còn phải nộp trong kỳ ([40]=[40a]-[40b] | E32: [40] | F32: =F30 -> -4443786.6
A33: 4 | B33: Thuế GTGT chưa khấu trừ hết kỳ này (nếu ([41]=[36]-[22]+[37]-38]-[39]<0) | E33: [41]
A34: 4.1 | B34: Tổng số thuế GTGT đề nghị hoàn | E34: [42]
A35: 4.2 | B35: Thuế GTGT còn được chuyển sang kỳ sau ([43]=[41]-[42] | E35: [43]

Sheet Bảng kê bán ra
A1: PHỤ LỤC
A2: BẢNG KÊ HÓA ĐƠN, CHỨNG TỪ HÀNG HÓA, DỊCH VỤ BÁN RA
A3: ='Tờ khai'!A3:F3 -> Kỳ tính thuế : Quý 02 Năm 2026
A4: ='Tờ khai'!A5:F5 -> Mã số thuế :4401053694
A5: ='Tờ khai'!A6:F6 -> Tên người nộp thuế : CÔNG TY CỔ PHẦN ĐẦU TƯ VÀ PHÁT TRIỂN CÔNG NGHỆ INUT
A6: ='Tờ khai'!A7:F7 -> Địa chỉ :161 Trường Chinh, Phường Tuy Hòa, Tỉnh Đắk Lắk, Việt Nam
A7: STT | B7: Hóa đơn, chứng từ bán ra | D7: Tên người mua | E7: Doanh thu chưa có thuế GTGT | F7: Thuế Suất | G7: Tiền thuế
B8: Số hóa đơn | C8: Ngày, Tháng, Năm lập hóa đơn
A9: 1. Hàng hóa , dịch vụ không chịu thuế giá trị gia tăng (GTGT):
A11: TỔNG CỘNG :
A12: 2. Hàng hóa , dịch vụ chịu thuế suất GTGT 0% :
A14: TỔNG CỘNG :
A15: 3. Hàng hóa , dịch vụ chịu thuế suất GTGT 5% :
G16: =E16*F16 -> 0
A17: TỔNG CỘNG : | E17: =E16 -> 0 | G17: =G16 -> 0
A18: 4. Hàng hóa , dịch vụ chịu thuế suất GTGT 10% : | I18: Thành tiền
A19: 01 | B19: 5 | C19: 24/04/2026 | D19: CÔNG TY CỔ PHẦN KỸ THUẬT TỰ ĐỘNG HOÁ IOT | E19: 29239998 | F19: 0.08 | G19: 2339200 | H19: =E19*F19 -> 2339199.8 | I19: =E19+G19 -> 31579198 | J19: =G19-H19 -> 0.16
A20: 02 | B20: 6 | C20: 28/04/2026 | D20: CÔNG TY CỔ PHẦN KỸ THUẬT TỰ ĐỘNG HOÁ IOT | E20: 30000000 | F20: 0 | G20: 0 | H20: =E20*F20 -> 0 | I20: =E20+G20 -> 30000000 | J20: =G20-H20 -> 0
A21: 03 | B21: 7 | C21: 04/05/2026 | D21: CÔNG TY CỔ PHẦN ĐTĐ | E21: 1340000 | F21: 0.08 | G21: 107200 | H21: =E21*F21 -> 107200 | I21: =E21+G21 -> 1447200 | J21: =G21-H21 -> 0
A22: 04 | B22: 8 | C22: 08/05/2026 | D22: CÔNG TY TNHH THIẾT BỊ VÀ DỊCH VỤ HOÀNG DƯƠNG | E22: 10600000 | F22: 0.08 | G22: 848000 | H22: =E22*F22 -> 848000 | I22: =E22+G22 -> 11448000 | J22: =G22-H22 -> 0
A23: 05 | B23: 9 | C23: 14/05/2026 | D23: CÔNG TY TNHH THƯƠNG MẠI DỊCH VỤ KỸ THUẬT BẢO TOÀN | E23: 3300000 | F23: 0.08 | G23: 264000 | H23: =E23*F23 -> 264000 | I23: =E23+G23 -> 3564000 | J23: =G23-H23 -> 0
A24: 06 | B24: 10 | C24: 01/06/2026 | D24: CÔNG TY TNHH THƯƠNG MẠI DỊCH VỤ KỸ THUẬT BẢO TOÀN | E24: 7060000 | F24: 0.08 | G24: 564800 | H24: =E24*F24 -> 564800 | I24: =E24+G24 -> 7624800 | J24: =G24-H24 -> 0
A25: 07 | B25: 11 | C25: 11/06/2026 | D25: CÔNG TY TNHH THƯƠNG MẠI DỊCH VỤ KỸ THUẬT BẢO TOÀN | E25: 3530000 | F25: 0.08 | G25: 282400 | H25: =E25*F25 -> 282400 | I25: =E25+G25 -> 3812400 | J25: =G25-H25 -> 0
A26: 08 | B26: 12 | C26: 17/06/2026 | D26: CÔNG TY TNHH THƯƠNG MẠI DỊCH VỤ KỸ THUẬT BẢO TOÀN | E26: 6303000 | F26: 0.08 | G26: 504240 | H26: =E26*F26 -> 504240 | I26: =E26+G26 -> 6807240 | J26: =G26-H26 -> 0
A27: 09 | B27: 13 | C27: 22/06/2026 | D27: CÔNG TY CỔ PHẦN ĐẦU TƯ PHÁT TRIỂN CÔNG NGHỆ TÂN THANH PHƯƠNG | E27: 68740000 | F27: 0.08 | G27: 5499200 | H27: =E27*F27 -> 5499200 | I27: =E27+G27 -> 74239200 | J27: =G27-H27 -> 0
A28: 10 | B28: 14 | C28: 22/06/2026 | D28: CÔNG TY CỔ PHẦN ĐẦU TƯ PHÁT TRIỂN CÔNG NGHỆ TÂN THANH PHƯƠNG | E28: 15512500 | F28: 0 | G28: 0 | H28: =E28*F28 -> 0 | I28: =E28+G28 -> 15512500 | J28: =G28-H28 -> 0
A29: 11 | B29: 15 | C29: 29/06/2026 | D29: CÔNG TY CỔ PHẦN PHE VIỆT NAM | E29: 18518518 | F29: 0.08 | G29: 1481481 | H29: =E29*F29 -> 1481481.4 | I29: =E29+G29 -> 19999999 | J29: =G29-H29 -> -0.448
A30: 12 | F30: 0.08 | H30: =E30*F30 -> 0 | I30: =E30+G30 -> 0 | J30: =G30-H30 -> 0
A31: 13 | F31: 0.08 | H31: =E31*F31 -> 0 | I31: =E31+G31 -> 0 | J31: =G31-H31 -> 0
A32: TỔNG CỘNG : | E32: =SUM(E19:E31) -> 1.9414402e+08 | G32: =SUM(G19:G31) -> 11890521 | H32: =SUM(H19:H31) -> 11890521 | I32: =SUM(I19:I31) -> 2.0603454e+08 | J32: =G32-H32 -> -0.288
A33: Tổng doanh thu hàng hóa, dịch vụ bán ra chịu thuế GTGT: | E33: =E32+E17 -> 1.9414402e+08 | J33: =G33-H33 -> 0
A34: Tổng số thuế GTGT của hàng hóa, dịch vụ bán ra : | E34: =G17+G32 -> 11890521 | J34: =G34-H34 -> 0

Sheet Bảng kê mua vào
A1: PHỤ LỤC
A2: BẢNG KÊ HÓA ĐƠN, CHỨNG TỪ HÀNG HÓA, DỊCH VỤ MUA VÀO
A3: ='Tờ khai'!A3:F3 -> Kỳ tính thuế : Quý 02 Năm 2026
A4: ='Tờ khai'!A5:F5 -> Mã số thuế :4401053694
A5: ='Tờ khai'!A6:F6 -> Tên người nộp thuế : CÔNG TY CỔ PHẦN ĐẦU TƯ VÀ PHÁT TRIỂN CÔNG NGHỆ INUT
A6: ='Tờ khai'!A7:F7 -> Địa chỉ :161 Trường Chinh, Phường Tuy Hòa, Tỉnh Đắk Lắk, Việt Nam
A8: STT | B8: Hóa đơn, chứng từ, biên lai nộp thuế | D8: Tên người bán | E8: Giá trị HHDV mua vào chưa có thuế | F8: Thuế Suất | G8: Thuế GTGT đủ điều kiện khấu trừ thuế
B9: Số hóa đơn | C9: Ngày, Tháng, Năm lập hóa đơn
A10: 1. Hàng hóa , dịch vụ dùng riêng cho SXKD chịu thuế GTGT và sử dụng cho các hoạt động cung cấp hàng hóa, dịch vụ không kê khai,nộp thuế GTGT đủ điều kiện khấu trừ: | I10: TỔNG CỘNG
A11: 01 | B11: 108328404660 | C11: 46183 | D11: HUNAN RIKA ELECTRONIC TECH CO.,LTD | E11: 24136728 | F11: 0.08 | G11: 1930938.2 | H11: =E11*F11 -> 1930938.2 | I11: =E11+G11 -> 26067666 | J11: =H11-G11 -> 0 | K11: Tờ khai nhập khẩu
A12: 02 | B12: 108286660050 | C12: 46169 | D12: SHENZHEN HAOYU TECHNOLOGY CO., LTD | E12: 41334380 | F12: 0.08 | G12: 3306750.4 | H12: =E12*F12 -> 3306750.4 | I12: =E12+G12 -> 44641130 | J12: =H12-G12 -> 0 | K12: Tờ khai nhập khẩu
A13: 03 | B13: 2530 | C13: 01/04/2026 | D13: CÔNG TY TNHH THƯƠNG MẠI DỊCH VỤ VIỄN THÔNG GIÁ RẺ | E13: 5435185 | F13: 0.08 | G13: 434815 | H13: =E13*F13 -> 434814.8 | I13: =E13+G13 -> 5870000 | J13: =H13-G13 -> -0.2
A14: 04 | B14: 9547 | C14: 03/04/2026 | D14: CÔNG TY CỔ PHẦN PHÁT TRIỂN THIẾT BỊ CÔNG NGHỆ SỐ VIỆT NAM | E14: 2611111 | F14: 0.08 | G14: 208889 | H14: =E14*F14 -> 208888.88 | I14: =E14+G14 -> 2820000 | J14: =H14-G14 -> -0.12
A15: 05 | B15: 7101 | C15: 06/04/2026 | D15: CÔNG TY CỔ PHẦN DỊCH VỤ TỨC THỜI | E15: 43519 | F15: 0.08 | G15: 3481 | H15: =E15*F15 -> 3481.52 | I15: =E15+G15 -> 47000 | J15: =H15-G15 -> 0.52
A16: 06 | B16: 20575 | C16: 07/04/2026 | D16: CÔNG TY TNHH TIN HỌC VÀ CÔNG NGHỆ HÀ THÀNH | E16: 532407 | F16: 0.08 | G16: 42593 | H16: =E16*F16 -> 42592.56 | I16: =E16+G16 -> 575000 | J16: =H16-G16 -> -0.44
A17: 07 | B17: 16812 | C17: 15/04/2026 | D17: CÔNG TY TNHH THƯƠNG MẠI DỊCH VỤ ĐIỆN TỬ VIỆT HOÀNG | E17: 1828705 | F17: 0.08 | G17: 146296 | H17: =E17*F17 -> 146296.4 | I17: =E17+G17 -> 1975001 | J17: =H17-G17 -> 0.4
A18: 08 | B18: 6135 | C18: 16/04/2026 | D18: CÔNG TY CỔ PHẦN PHÁT TRIỂN ỨNG DỤNG CÔNG NGHỆ MỚI VN | E18: 2398148 | F18: 0.08 | G18: 191852 | H18: =E18*F18 -> 191851.84 | I18: =E18+G18 -> 2590000 | J18: =H18-G18 -> -0.16
A19: 09 | B19: 114 | C19: 17/04/2026 | D19: CÔNG TY TNHH THƯƠNG MẠI VÀ DỊCH VỤ CÔNG NGHỆ KIỆT PHÁT | E19: 851852 | F19: 0.08 | G19: 68148 | H19: =E19*F19 -> 68148.16 | I19: =E19+G19 -> 920000 | J19: =H19-G19 -> 0.16
A20: 10 | B20: 17208 | C20: 18/04/2026 | D20: CÔNG TY TNHH THƯƠNG MẠI DỊCH VỤ ĐIỆN TỬ VIỆT HOÀNG | E20: 439815 | F20: 0.08 | G20: 35185 | H20: =E20*F20 -> 35185.2 | I20: =E20+G20 -> 475000 | J20: =H20-G20 -> 0.2
A21: 11 | B21: 17284 | C21: 18/04/2026 | D21: CÔNG TY TNHH THƯƠNG MẠI DỊCH VỤ ĐIỆN TỬ VIỆT HOÀNG | E21: 2226850 | F21: 0.08 | G21: 178148 | H21: =E21*F21 -> 178148 | I21: =E21+G21 -> 2404998 | J21: =H21-G21 -> 0
A22: 12 | B22: 372997 | C22: 19/04/2026 | D22: CÔNG TY TNHH GRAB | E22: 99074 | F22: 0.08 | G22: 7926 | H22: =E22*F22 -> 7925.92 | I22: =E22+G22 -> 107000 | J22: =H22-G22 -> -0.08
A23: 13 | B23: 11832333 | C23: 24/04/2026 | D23: CÔNG TY CỔ PHẦN BE GROUP | E23: 81482 | F23: 0.08 | G23: 6518 | H23: =E23*F23 -> 6518.56 | I23: =E23+G23 -> 88000 | J23: =H23-G23 -> 0.56
A24: 14 | B24: 822935 | C24: 24/04/2026 | D24: CÔNG TY TNHH MỘT THÀNH VIÊN THƯƠNG MẠI DỊCH VỤ THIÊN LONG HOÀN CẦU | E24: 41562 | F24: 0.08 | G24: 3325 | H24: =E24*F24 -> 3324.96 | I24: =E24+G24 -> 44887 | J24: =H24-G24 -> -0.04
... A56: 46 | B56: 3440 | C56: 29/06/2026 | D56: CÔNG TY TNHH THƯƠNG MẠI DỊCH VỤ PHÁT TRIỂN VIỄN THÔNG | E56: 1879630 | F56: 0.08 | G56: 150370 | H56: =E56*F56 -> 150370.4 | I56: =E56+G56 -> 2030000 | J56: =H56-G56 -> 0.4
A57: 47 | F57: 0.08 | H57: =E57*F57 -> 0 | I57: =E57+G57 -> 0 | J57: =H57-G57 -> 0
A58: 48 | F58: 0.08 | H58: =E58*F58 -> 0 | I58: =E58+G58 -> 0 | J58: =H58-G58 -> 0
A59: TỔNG CỘNG : | E59: =SUM(E11:E58) -> 145215937 | G59: =SUM(G11:G58) -> 12059274 | H59: =SUM(H11:H58) -> 12059275 | I59: =SUM(I11:I58) -> 1.5727521e+08 | J59: =SUM(J11:J58) -> 1.32
A60: 2. Hàng hóa , dịch vụ dùng chung cho SXKD chịu thuế và không chịu thuế đủ điều kiện khấu trừ thuế:
A63: TỔNG CỘNG :
A64: 3. Hàng hóa , dịch vụ dùng cho dự án đầu tư đủ điều kiện được khấu trừ thuế :
A67: TỔNG CỘNG :
A68: Tổng giá trị HHDV mua vào phục vụ SXKD được khấu trừ thuế GTGT :
A69: Tổng số thuế GTGT của HHDV mua vào đủ điều kiện được khấu trừ :
